table_capacity,collisions
25,6
25,2
25,9
25,2
25,3
25,4
25,2
25,5
25,3
25,5
25,4
25,0
25,3
25,1
25,3
25,1
25,1
25,5
25,2
25,2
25,6
25,4
25,4
25,2
25,3
25,1
25,5
25,3
25,3
25,5
25,3
25,4
25,5
25,4
25,2
25,6
25,4
25,5
25,2
25,1
25,7
25,4
25,8
25,3
25,2
25,3
25,5
25,1
25,2
25,4
25,6
25,0
25,4
25,3
25,4
25,1
25,3
25,6
25,6
25,3
25,5
25,4
25,3
25,2
25,4
25,2
25,2
25,4
25,6
25,2
25,4
25,3
25,3
25,2
25,4
25,3
25,3
25,4
25,3
25,2
25,4
25,4
25,4
25,5
25,3
25,2
25,2
25,2
25,3
25,3
25,3
25,3
25,1
25,5
25,5
25,3
25,5
25,4
25,2
25,5
25,6
25,2
25,3
25,4
25,1
25,3
25,3
25,4
25,6
25,2
25,0
25,2
25,2
25,0
25,4
25,1
25,3
25,4
25,4
25,2
25,3
25,3
25,1
25,0
25,4
25,5
25,5
25,3
25,1
25,2
25,3
25,7
25,3
25,3
25,4
25,2
25,7
25,6
25,3
25,2
25,2
25,4
25,2
25,5
25,2
25,1
25,3
25,4
25,5
25,3
25,5
25,7
25,2
25,4
25,6
25,5
25,3
25,4
25,5
25,7
25,5
25,2
25,4
25,5
25,5
25,4
25,3
25,2
25,0
25,3
25,3
25,5
25,3
25,4
25,4
25,5
25,6
25,2
25,4
25,3
25,3
25,3
25,4
25,1
25,4
25,4
25,5
25,5
25,2
25,4
25,5
25,6
25,6
25,2
25,2
25,5
25,5
25,5
25,1
25,0
25,2
25,3
25,3
25,2
25,5
25,5
25,3
25,2
25,0
25,5
25,3
25,3
25,5
25,2
25,4
25,5
25,4
25,4
25,4
25,2
25,6
25,4
25,3
25,5
25,2
25,6
25,0
25,3
25,5
25,4
25,7
25,4
25,4
25,4
25,2
25,4
25,5
25,3
25,4
25,3
25,2
25,3
25,2
25,4
25,5
25,5
25,1
25,5
25,3
25,5
25,2
25,5
25,2
25,2
25,2
25,3
25,5
25,4
25,2
25,1
25,2
25,5
25,2
25,1
25,5
25,1
25,4
25,3
25,4
25,4
25,6
25,4
25,4
25,6
25,4
25,5
25,2
25,6
25,6
25,3
25,3
25,5
25,6
25,4
25,2
25,1
25,5
25,2
25,5
25,4
25,7
25,2
25,1
25,6
25,2
25,2
25,2
25,6
25,3
25,7
25,7
25,1
25,3
25,3
25,1
25,3
25,8
25,6
25,5
25,4
25,2
25,3
25,5
25,3
25,3
25,3
25,5
25,4
25,1
25,5
25,3
25,2
25,1
25,3
25,4
25,3
25,2
25,4
25,3
25,2
25,4
25,3
25,3
25,5
25,2
25,3
25,3
25,7
25,5
25,3
25,6
25,1
25,2
25,5
25,6
25,3
25,3
25,3
25,1
25,6
25,5
25,5
25,4
25,2
25,4
25,5
25,2
25,2
25,3
25,4
25,4
25,3
25,4
25,4
25,7
25,4
25,3
25,3
25,3
25,1
25,0
25,5
25,3
25,4
25,7
25,5
25,1
25,5
25,2
25,1
25,2
25,2
25,4
25,5
25,4
25,2
25,2
25,2
25,2
25,5
25,2
25,3
25,5
25,6
25,4
25,4
25,3
25,2
25,3
25,3
25,6
25,2
25,3
25,3
25,6
25,4
25,2
25,6
25,5
25,3
25,2
25,3
25,6
25,1
25,3
25,2
25,3
25,4
25,2
25,3
25,4
25,3
25,5
25,1
25,1
25,2
25,4
25,2
25,3
25,1
25,4
25,6
25,5
25,3
25,2
25,4
25,2
25,4
25,2
25,5
25,1
25,4
25,4
25,4
25,2
25,2
25,3
25,1
25,4
25,3
25,3
25,5
25,4
25,3
25,3
25,3
25,2
25,3
25,3
25,0
25,3
25,3
25,3
25,0
25,3
25,1
25,5
25,5
25,3
25,2
25,5
25,3
25,2
25,3
25,5
25,2
25,6
25,4
25,3
25,4
25,5
25,4
25,3
25,4
25,3
25,5
25,3
25,1
25,4
25,4
25,2
25,3
25,5
25,2
25,6
25,4
25,4
25,4
25,5
25,6
25,4
25,3
25,3
25,5
25,4
25,5
25,3
25,2
25,9
25,4
25,2
25,4
25,4
25,2
25,4
25,4
25,6
25,6
25,4
25,2
25,3
25,7
25,4
25,4
25,2
25,7
25,1
25,5
25,4
25,4
25,1
25,2
25,4
25,5
25,3
25,1
25,5
25,1
25,3
25,2
25,3
25,2
25,5
25,5
25,3
25,3
25,3
25,5
25,2
25,4
25,4
25,2
25,7
25,1
25,4
25,1
25,1
25,3
25,5
25,5
25,3
25,2
25,5
25,2
25,2
25,1
25,5
25,4
25,1
25,4
25,5
25,4
25,6
25,2
25,1
25,5
25,4
25,3
25,7
25,3
25,7
25,5
25,1
25,5
25,1
25,1
25,4
25,6
25,5
25,3
25,3
25,1
25,1
25,2
25,2
25,4
25,1
25,3
25,4
25,4
25,2
25,6
25,7
25,3
25,3
25,3
25,2
25,5
25,2
25,5
25,5
25,1
25,3
25,3
25,5
25,4
25,3
25,2
25,4
25,6
25,4
25,5
25,6
25,5
25,6
25,2
25,4
25,4
25,4
25,2
25,5
25,3
25,2
25,3
25,1
25,3
25,4
25,3
25,3
25,2
25,0
25,2
25,4
25,3
25,4
25,1
25,5
25,5
25,3
25,4
25,2
25,2
25,3
25,4
25,4
25,4
25,3
25,3
25,4
25,3
25,6
25,2
25,3
25,4
25,2
25,6
25,2
25,4
25,3
25,5
25,2
25,4
25,2
25,5
25,2
25,3
25,2
25,3
25,3
25,2
25,4
25,0
25,2
25,2
25,2
25,2
25,3
25,0
25,1
25,3
25,1
25,3
25,3
25,1
25,1
25,5
25,2
25,1
25,5
25,4
25,3
25,4
25,6
25,2
25,4
25,2
25,6
25,6
25,2
25,3
25,4
25,2
25,2
25,2
25,3
25,4
25,4
25,2
25,1
25,2
25,6
25,5
25,3
25,3
25,7
25,4
25,3
25,2
25,5
25,5
25,2
25,4
25,3
25,5
25,4
25,2
25,5
25,1
25,3
25,2
25,3
25,2
25,3
25,2
25,2
25,2
25,0
25,1
25,3
25,6
25,3
25,4
25,1
25,4
25,4
25,6
25,4
25,4
25,2
25,5
25,4
25,1
25,5
25,3
25,3
25,5
25,3
25,3
25,2
25,3
25,4
25,2
25,2
25,4
25,2
25,4
25,3
25,4
25,1
25,5
25,1
25,5
25,4
25,4
25,6
25,6
25,2
25,5
25,2
25,4
25,5
25,3
25,2
25,6
25,4
25,4
25,5
25,6
25,5
25,6
25,4
25,5
25,3
25,2
25,2
25,3
25,4
25,2
25,5
25,4
25,3
25,5
25,6
25,4
25,2
25,2
25,1
25,7
25,2
25,1
25,4
25,5
25,4
25,4
25,5
25,2
25,3
25,3
25,2
25,3
25,1
25,4
25,3
25,2
25,5
25,2
25,3
25,2
25,3
25,2
25,3
25,3
25,4
25,1
25,3
25,4
25,3
25,5
25,4
25,5
25,6
25,2
25,4
25,5
25,4
25,0
25,2
25,1
25,1
25,3
25,1
25,5
25,2
25,4
25,5
25,3
25,2
25,3
25,4
25,4
25,3
25,3
25,4
25,2
25,2
25,2
25,1
25,1
25,4
25,4
25,3
25,3
25,4
25,6
25,2
25,3
25,4
25,5
25,6
25,0
25,1
25,4
25,2
25,3
25,4
25,3
25,3
25,3
25,7
25,4
25,5
25,4
25,2
25,5
25,3
25,2
25,3
25,0
25,5
25,2
25,3
25,6
25,4
25,1
25,4
25,4
25,2
25,6
25,5
25,3
25,5
25,5
25,5
25,2
25,3
25,2
25,5
25,7
25,1
25,6
25,3
25,3
25,1
25,4
25,7
25,4
25,3
25,3
25,4
25,4
25,3
25,4
25,1
25,2
25,3
25,5
25,4
25,1
25,4
25,3
25,5
25,5
25,1
25,4
25,4
25,3
25,3
25,4
25,6
25,3
25,0
25,4
25,4
25,3
25,5
25,3
25,4
25,3
25,3
25,4
25,3
25,0
25,1
25,2
25,3
25,3
25,5
25,6
25,2
25,4
25,5
25,2
25,5
25,3
25,4
25,1
25,4
25,3
25,2
25,2
25,6
25,4
25,5
25,2
25,4
25,4
25,1
25,3
25,3
25,2
75,5
75,2
75,3
75,3
75,1
75,4
75,2
75,4
75,2
75,2
75,2
75,2
75,1
75,4
75,1
75,0
75,3
75,1
75,5
75,2
75,5
75,0
75,0
75,2
75,2
75,3
75,2
75,1
75,1
75,0
75,3
75,2
75,3
75,2
75,3
75,6
75,3
75,3
75,1
75,1
75,1
75,0
75,4
75,3
75,5
75,3
75,2
75,2
75,2
75,3
75,0
75,2
75,3
75,5
75,2
75,1
75,3
75,2
75,0
75,3
75,2
75,2
75,3
75,1
75,0
75,2
75,2
75,1
75,0
75,1
75,1
75,2
75,3
75,2
75,0
75,1
75,2
75,4
75,1
75,1
75,1
75,2
75,1
75,3
75,0
75,2
75,4
75,2
75,1
75,1
75,3
75,2
75,3
75,1
75,3
75,1
75,2
75,2
75,3
75,4
75,2
75,4
75,1
75,2
75,2
75,2
75,2
75,1
75,2
75,2
75,2
75,1
75,2
75,1
75,2
75,2
75,4
75,3
75,2
75,3
75,2
75,3
75,4
75,2
75,1
75,4
75,1
75,2
75,2
75,2
75,3
75,4
75,3
75,2
75,3
75,5
75,0
75,1
75,2
75,1
75,1
75,1
75,2
75,4
75,2
75,2
75,2
75,4
75,3
75,2
75,3
75,1
75,3
75,2
75,2
75,2
75,4
75,2
75,3
75,1
75,3
75,1
75,0
75,3
75,3
75,3
75,3
75,4
75,3
75,2
75,2
75,2
75,2
75,3
75,1
75,2
75,0
75,7
75,4
75,2
75,4
75,1
75,4
75,3
75,2
75,4
75,5
75,2
75,2
75,0
75,2
75,2
75,1
75,3
75,1
75,2
75,2
75,1
75,5
75,1
75,1
75,4
75,4
75,3
75,2
75,4
75,1
75,3
75,2
75,3
75,2
75,1
75,4
75,2
75,3
75,0
75,2
75,2
75,2
75,2
75,0
75,3
75,1
75,1
75,1
75,2
75,3
75,5
75,2
75,1
75,3
75,1
75,3
75,5
75,2
75,0
75,4
75,3
75,2
75,2
75,1
75,0
75,4
75,1
75,4
75,0
75,1
75,0
75,2
75,1
75,3
75,2
75,2
75,1
75,2
75,2
75,2
75,3
75,3
75,1
75,2
75,1
75,3
75,4
75,4
75,2
75,4
75,3
75,0
75,4
75,0
75,1
75,2
75,2
75,0
75,1
75,3
75,5
75,2
75,1
75,2
75,4
75,2
75,2
75,2
75,6
75,2
75,3
75,3
75,1
75,4
75,3
75,0
75,2
75,1
75,2
75,1
75,3
75,3
75,2
75,3
75,3
75,1
75,2
75,3
75,1
75,2
75,1
75,3
75,1
75,1
75,2
75,2
75,4
75,0
75,2
75,1
75,4
75,2
75,4
75,0
75,3
75,2
75,4
75,2
75,2
75,6
75,3
75,4
75,4
75,1
75,2
75,1
75,1
75,1
75,6
75,2
75,1
75,1
75,1
75,4
75,1
75,3
75,4
75,2
75,5
75,3
75,2
75,1
75,3
75,1
75,3
75,4
75,2
75,0
75,2
75,4
75,2
75,4
75,3
75,2
75,0
75,5
75,4
75,2
75,2
75,1
75,2
75,1
75,0
75,2
75,1
75,2
75,4
75,2
75,2
75,2
75,3
75,1
75,2
75,1
75,3
75,0
75,2
75,0
75,1
75,0
75,2
75,3
75,3
75,3
75,3
75,2
75,4
75,1
75,2
75,0
75,1
75,2
75,2
75,3
75,2
75,2
75,1
75,2
75,2
75,0
75,2
75,0
75,4
75,3
75,0
75,2
75,1
75,1
75,0
75,3
75,2
75,3
75,3
75,3
75,1
75,3
75,2
75,3
75,2
75,1
75,0
75,2
75,2
75,2
75,2
75,1
75,1
75,3
75,1
75,0
75,6
75,4
75,2
75,1
75,2
75,3
75,1
75,1
75,2
75,2
75,3
75,1
75,3
75,3
75,2
75,2
75,1
75,2
75,2
75,3
75,2
75,5
75,2
75,1
75,3
75,3
75,2
75,1
75,1
75,1
75,2
75,2
75,2
75,2
75,2
75,1
75,2
75,1
75,1
75,3
75,4
75,2
75,3
75,2
75,3
75,0
75,6
75,2
75,1
75,5
75,4
75,2
75,1
75,1
75,2
75,3
75,4
75,2
75,1
75,1
75,0
75,2
75,0
75,4
75,2
75,5
75,1
75,1
75,1
75,1
75,1
75,4
75,4
75,2
75,0
75,2
75,3
75,1
75,3
75,1
75,2
75,2
75,3
75,2
75,1
75,4
75,4
75,1
75,4
75,3
75,2
75,0
75,4
75,1
75,3
75,2
75,2
75,2
75,0
75,0
75,0
75,1
75,1
75,3
75,3
75,2
75,1
75,0
75,4
75,4
75,1
75,2
75,3
75,1
75,3
75,3
75,1
75,2
75,3
75,3
75,2
75,1
75,3
75,1
75,2
75,1
75,2
75,1
75,1
75,2
75,3
75,2
75,1
75,6
75,4
75,3
75,2
75,4
75,3
75,3
75,0
75,0
75,3
75,2
75,4
75,1
75,2
75,2
75,1
75,2
75,1
75,1
75,1
75,2
75,0
75,2
75,1
75,2
75,2
75,2
75,3
75,2
75,2
75,1
75,2
75,1
75,3
75,3
75,3
75,0
75,4
75,2
75,3
75,1
75,4
75,1
75,3
75,1
75,1
75,5
75,1
75,2
75,2
75,3
75,4
75,2
75,5
75,5
75,3
75,3
75,7
75,2
75,2
75,3
75,0
75,3
75,1
75,2
75,4
75,4
75,0
75,2
75,2
75,3
75,1
75,3
75,2
75,3
75,3
75,2
75,1
75,3
75,3
75,3
75,1
75,6
75,3
75,1
75,2
75,1
75,3
75,5
75,4
75,2
75,1
75,3
75,2
75,3
75,2
75,4
75,2
75,5
75,3
75,5
75,3
75,7
75,0
75,0
75,2
75,2
75,4
75,2
75,2
75,5
75,0
75,4
75,0
75,3
75,3
75,4
75,1
75,1
75,2
75,2
75,4
75,1
75,2
75,2
75,1
75,2
75,1
75,1
75,2
75,1
75,1
75,3
75,3
75,0
75,4
75,5
75,1
75,2
75,4
75,4
75,0
75,2
75,1
75,1
75,4
75,2
75,2
75,2
75,3
75,1
75,7
75,2
75,2
75,2
75,1
75,2
75,2
75,1
75,1
75,3
75,3
75,1
75,0
75,4
75,3
75,2
75,3
75,4
75,4
75,0
75,1
75,3
75,3
75,1
75,1
75,1
75,1
75,1
75,1
75,2
75,1
75,5
75,2
75,1
75,1
75,4
75,2
75,2
75,4
75,1
75,2
75,1
75,3
75,5
75,2
75,4
75,2
75,2
75,1
75,1
75,0
75,4
75,3
75,1
75,0
75,0
75,2
75,0
75,3
75,1
75,0
75,1
75,2
75,2
75,1
75,5
75,3
75,5
75,2
75,2
75,3
75,1
75,3
75,2
75,1
75,2
75,4
75,2
75,1
75,2
75,1
75,5
75,3
75,2
75,3
75,3
75,2
75,1
75,3
75,1
75,1
75,2
75,2
75,1
75,2
75,0
75,3
75,3
75,0
75,1
75,3
75,3
75,0
75,3
75,3
75,6
75,3
75,1
75,2
75,3
75,4
75,2
75,1
75,6
75,3
75,1
75,3
75,2
75,2
75,2
75,2
75,2
75,2
75,2
75,4
75,6
75,3
75,4
75,3
75,3
75,1
75,2
75,2
75,2
75,3
75,1
75,1
75,2
75,3
75,2
75,1
75,3
75,1
75,3
75,2
75,2
75,3
75,0
75,2
75,2
75,3
75,1
75,4
75,3
75,2
75,2
75,2
75,2
75,0
75,4
75,1
75,3
75,3
75,6
75,1
75,3
75,1
75,4
75,1
75,4
75,3
75,1
75,1
75,2
75,1
75,1
75,3
75,6
75,3
75,0
75,2
75,2
75,0
75,0
75,1
75,2
75,1
75,3
75,3
75,2
75,0
75,3
75,0
75,0
75,0
75,5
75,2
75,0
75,4
75,3
75,1
75,1
75,3
75,1
75,1
75,2
75,0
75,3
75,1
75,2
75,1
75,4
75,4
75,3
75,1
75,2
75,1
75,1
75,3
75,2
75,3
75,1
75,1
75,1
75,3
75,2
75,3
75,3
75,1
75,1
75,2
75,0
75,4
75,5
75,1
75,2
75,3
75,3
75,3
75,1
75,3
75,2
75,3
75,3
75,1
75,5
75,2
75,3
75,1
75,1
75,2
75,1
75,3
75,1
75,1
75,1
75,2
75,1
75,1
75,1
75,1
75,2
75,3
75,2
75,3
75,1
75,2
75,3
75,2
75,4
75,2
75,2
75,2
75,3
75,3
75,1
75,4
75,1
75,5
125,3
125,2
125,2
125,1
125,1
125,2
125,0
125,0
125,2
125,2
125,0
125,1
125,3
125,1
125,1
125,1
125,1
125,0
125,1
125,3
125,0
125,0
125,1
125,0
125,0
125,0
125,2
125,1
125,0
125,2
125,3
125,1
125,2
125,2
125,1
125,0
125,1
125,1
125,1
125,2
125,2
125,1
125,3
125,1
125,1
125,1
125,3
125,1
125,2
125,1
125,1
125,3
125,1
125,1
125,1
125,1
125,0
125,1
125,1
125,2
125,3
125,2
125,1
125,2
125,0
125,1
125,1
125,0
125,1
125,0
125,1
125,1
125,1
125,1
125,2
125,1
125,1
125,0
125,0
125,1
125,1
125,1
125,0
125,2
125,1
125,0
125,2
125,2
125,1
125,2
125,1
125,3
125,1
125,0
125,0
125,0
125,1
125,0
125,1
125,1
125,0
125,2
125,3
125,1
125,1
125,1
125,0
125,1
125,1
125,1
125,1
125,2
125,2
125,0
125,0
125,1
125,1
125,1
125,0
125,1
125,0
125,1
125,1
125,0
125,1
125,1
125,0
125,0
125,0
125,0
125,0
125,2
125,3
125,2
125,3
125,6
125,2
125,1
125,3
125,0
125,1
125,0
125,0
125,0
125,2
125,1
125,1
125,1
125,2
125,1
125,1
125,2
125,0
125,2
125,1
125,2
125,1
125,2
125,0
125,1
125,2
125,2
125,1
125,2
125,2
125,1
125,1
125,2
125,0
125,1
125,1
125,1
125,2
125,0
125,1
125,1
125,0
125,2
125,1
125,2
125,0
125,0
125,1
125,0
125,0
125,3
125,1
125,2
125,1
125,3
125,2
125,2
125,1
125,0
125,1
125,0
125,0
125,0
125,0
125,2
125,1
125,0
125,1
125,0
125,1
125,1
125,1
125,3
125,1
125,1
125,0
125,1
125,0
125,0
125,2
125,1
125,2
125,2
125,1
125,0
125,3
125,0
125,2
125,0
125,3
125,3
125,1
125,1
125,3
125,1
125,5
125,1
125,0
125,0
125,0
125,3
125,3
125,0
125,2
125,0
125,0
125,2
125,1
125,2
125,0
125,1
125,2
125,3
125,1
125,0
125,0
125,1
125,0
125,0
125,1
125,0
125,2
125,1
125,1
125,1
125,2
125,1
125,3
125,0
125,1
125,1
125,2
125,2
125,1
125,2
125,2
125,0
125,1
125,1
125,1
125,1
125,1
125,0
125,1
125,2
125,2
125,0
125,0
125,1
125,1
125,1
125,0
125,0
125,0
125,2
125,3
125,1
125,1
125,2
125,2
125,1
125,2
125,0
125,1
125,2
125,1
125,1
125,2
125,2
125,1
125,0
125,0
125,5
125,0
125,0
125,0
125,1
125,3
125,2
125,0
125,0
125,1
125,2
125,1
125,1
125,4
125,2
125,1
125,1
125,1
125,1
125,2
125,1
125,1
125,1
125,2
125,1
125,3
125,0
125,1
125,0
125,2
125,1
125,1
125,3
125,2
125,0
125,2
125,0
125,1
125,0
125,0
125,1
125,1
125,1
125,1
125,1
125,1
125,1
125,2
125,2
125,1
125,2
125,2
125,0
125,2
125,3
125,2
125,0
125,1
125,1
125,0
125,0
125,1
125,2
125,1
125,1
125,1
125,1
125,0
125,0
125,1
125,1
125,2
125,0
125,1
125,2
125,1
125,0
125,0
125,3
125,1
125,0
125,2
125,2
125,1
125,0
125,2
125,0
125,0
125,1
125,1
125,0
125,1
125,0
125,1
125,2
125,1
125,2
125,0
125,2
125,0
125,1
125,0
125,1
125,1
125,0
125,0
125,1
125,1
125,0
125,1
125,1
125,2
125,1
125,3
125,0
125,0
125,0
125,2
125,2
125,0
125,1
125,1
125,1
125,1
125,0
125,0
125,1
125,2
125,1
125,1
125,4
125,2
125,1
125,0
125,0
125,1
125,2
125,2
125,2
125,0
125,1
125,1
125,1
125,2
125,0
125,1
125,2
125,0
125,1
125,1
125,0
125,2
125,0
125,2
125,1
125,0
125,3
125,0
125,0
125,3
125,2
125,0
125,3
125,1
125,1
125,1
125,1
125,0
125,2
125,1
125,1
125,2
125,3
125,1
125,2
125,1
125,0
125,0
125,1
125,1
125,3
125,0
125,1
125,2
125,1
125,0
125,2
125,1
125,1
125,1
125,2
125,2
125,0
125,3
125,0
125,3
125,2
125,1
125,0
125,2
125,0
125,3
125,0
125,2
125,0
125,2
125,0
125,1
125,2
125,2
125,0
125,2
125,1
125,1
125,0
125,2
125,0
125,1
125,2
125,0
125,2
125,0
125,0
125,1
125,1
125,2
125,1
125,1
125,2
125,2
125,1
125,1
125,2
125,0
125,3
125,0
125,1
125,1
125,0
125,2
125,1
125,3
125,1
125,0
125,1
125,0
125,0
125,2
125,1
125,2
125,1
125,0
125,1
125,0
125,2
125,2
125,1
125,2
125,2
125,1
125,2
125,1
125,4
125,1
125,2
125,1
125,2
125,1
125,1
125,3
125,2
125,1
125,0
125,1
125,2
125,0
125,1
125,1
125,1
125,1
125,0
125,0
125,1
125,1
125,1
125,0
125,0
125,2
125,1
125,1
125,1
125,1
125,2
125,1
125,1
125,0
125,1
125,2
125,1
125,0
125,1
125,1
125,1
125,0
125,1
125,1
125,3
125,2
125,1
125,1
125,3
125,0
125,0
125,1
125,0
125,1
125,0
125,1
125,1
125,2
125,1
125,1
125,1
125,1
125,1
125,2
125,1
125,1
125,0
125,2
125,0
125,1
125,0
125,0
125,0
125,1
125,3
125,4
125,1
125,0
125,3
125,1
125,0
125,2
125,0
125,1
125,0
125,0
125,1
125,1
125,1
125,1
125,3
125,1
125,1
125,2
125,1
125,0
125,0
125,1
125,0
125,3
125,3
125,2
125,1
125,1
125,2
125,0
125,2
125,1
125,1
125,2
125,0
125,0
125,0
125,0
125,0
125,1
125,1
125,1
125,2
125,0
125,2
125,1
125,0
125,0
125,2
125,2
125,2
125,1
125,1
125,2
125,1
125,1
125,0
125,3
125,0
125,2
125,3
125,2
125,1
125,1
125,1
125,0
125,1
125,2
125,1
125,2
125,2
125,0
125,2
125,0
125,2
125,0
125,0
125,1
125,1
125,2
125,0
125,0
125,1
125,1
125,0
125,1
125,2
125,2
125,0
125,2
125,4
125,2
125,2
125,3
125,3
125,0
125,3
125,1
125,1
125,0
125,1
125,0
125,5
125,3
125,2
125,1
125,5
125,1
125,3
125,3
125,3
125,1
125,2
125,3
125,1
125,0
125,1
125,2
125,2
125,0
125,3
125,3
125,1
125,1
125,1
125,0
125,2
125,0
125,1
125,2
125,2
125,1
125,1
125,1
125,4
125,2
125,1
125,1
125,3
125,0
125,1
125,0
125,1
125,2
125,2
125,1
125,0
125,0
125,0
125,1
125,1
125,2
125,1
125,2
125,1
125,2
125,2
125,0
125,2
125,0
125,1
125,1
125,1
125,3
125,1
125,2
125,2
125,1
125,1
125,0
125,0
125,0
125,1
125,1
125,1
125,2
125,3
125,2
125,2
125,2
125,2
125,0
125,0
125,1
125,1
125,1
125,1
125,0
125,1
125,1
125,1
125,0
125,1
125,0
125,1
125,1
125,1
125,1
125,1
125,2
125,1
125,0
125,0
125,2
125,0
125,0
125,1
125,0
125,2
125,2
125,0
125,1
125,0
125,1
125,0
125,1
125,0
125,2
125,3
125,0
125,3
125,0
125,0
125,0
125,0
125,1
125,3
125,0
125,1
125,1
125,1
125,2
125,0
125,1
125,0
125,1
125,2
125,1
125,1
125,2
125,1
125,0
125,0
125,0
125,0
125,2
125,1
125,2
125,2
125,0
125,1
125,1
125,1
125,1
125,1
125,1
125,1
125,1
125,1
125,1
125,0
125,0
125,4
125,1
125,1
125,1
125,2
125,1
125,2
125,0
125,2
125,1
125,2
125,0
125,1
125,2
125,1
125,1
125,2
125,2
125,1
125,3
125,2
125,1
125,1
125,1
125,2
125,0
125,0
125,2
125,1
125,5
125,3
125,2
125,1
125,3
125,0
125,2
125,0
125,3
125,1
125,2
125,0
125,1
125,2
125,3
125,0
125,1
125,1
125,1
125,2
125,0
125,1
125,2
125,0
125,2
125,0
125,2
125,1
125,1
125,0
125,0
125,1
125,0
125,1
125,2
125,1
125,1
125,1
125,0
125,2
125,1
125,0
125,3
125,3
125,2
125,1
125,0
125,2
125,2
125,2
125,3
125,0
125,2
125,0
125,2
125,0
125,0
125,1
125,0
125,3
125,0
125,1
125,3
125,1
175,0
175,0
175,1
175,1
175,1
175,0
175,1
175,1
175,3
175,1
175,0
175,1
175,1
175,0
175,1
175,0
175,0
175,2
175,0
175,2
175,1
175,1
175,1
175,0
175,1
175,1
175,0
175,1
175,1
175,1
175,0
175,1
175,3
175,0
175,1
175,1
175,1
175,0
175,0
175,0
175,0
175,1
175,0
175,0
175,1
175,1
175,2
175,1
175,2
175,0
175,0
175,0
175,1
175,0
175,0
175,0
175,1
175,0
175,1
175,0
175,1
175,0
175,1
175,0
175,1
175,0
175,1
175,1
175,0
175,1
175,1
175,0
175,0
175,0
175,0
175,1
175,0
175,1
175,0
175,1
175,0
175,1
175,1
175,1
175,1
175,0
175,1
175,0
175,0
175,1
175,1
175,2
175,0
175,0
175,1
175,0
175,0
175,2
175,1
175,1
175,1
175,1
175,3
175,1
175,0
175,0
175,2
175,1
175,0
175,1
175,1
175,1
175,1
175,1
175,1
175,0
175,0
175,0
175,0
175,2
175,0
175,1
175,0
175,1
175,1
175,0
175,0
175,0
175,0
175,0
175,0
175,0
175,0
175,0
175,0
175,0
175,0
175,0
175,0
175,1
175,1
175,0
175,1
175,2
175,0
175,0
175,1
175,0
175,1
175,1
175,1
175,1
175,0
175,1
175,1
175,1
175,1
175,0
175,1
175,1
175,0
175,0
175,0
175,1
175,0
175,0
175,1
175,0
175,0
175,1
175,0
175,0
175,1
175,0
175,0
175,1
175,0
175,1
175,2
175,0
175,0
175,2
175,1
175,1
175,3
175,0
175,0
175,2
175,0
175,1
175,1
175,0
175,1
175,0
175,3
175,1
175,1
175,3
175,2
175,1
175,1
175,1
175,2
175,2
175,0
175,2
175,1
175,0
175,0
175,0
175,1
175,1
175,0
175,1
175,1
175,0
175,0
175,2
175,0
175,0
175,3
175,1
175,2
175,0
175,1
175,1
175,0
175,1
175,1
175,2
175,0
175,0
175,0
175,0
175,0
175,0
175,0
175,0
175,0
175,2
175,2
175,1
175,0
175,0
175,1
175,0
175,1
175,1
175,0
175,1
175,0
175,1
175,1
175,1
175,0
175,2
175,0
175,1
175,0
175,1
175,2
175,0
175,1
175,1
175,0
175,2
175,3
175,1
175,1
175,1
175,0
175,1
175,1
175,0
175,0
175,0
175,0
175,1
175,0
175,3
175,1
175,2
175,1
175,0
175,1
175,0
175,0
175,0
175,2
175,1
175,1
175,2
175,2
175,0
175,1
175,1
175,0
175,0
175,1
175,1
175,0
175,0
175,0
175,0
175,0
175,1
175,1
175,0
175,0
175,0
175,1
175,1
175,1
175,0
175,1
175,0
175,1
175,1
175,1
175,1
175,1
175,1
175,1
175,2
175,0
175,2
175,0
175,0
175,0
175,2
175,0
175,1
175,0
175,1
175,1
175,1
175,1
175,1
175,1
175,0
175,0
175,1
175,0
175,1
175,0
175,0
175,1
175,0
175,0
175,0
175,0
175,1
175,0
175,2
175,0
175,0
175,0
175,1
175,0
175,1
175,0
175,1
175,1
175,2
175,1
175,0
175,0
175,1
175,2
175,0
175,0
175,1
175,1
175,1
175,2
175,1
175,0
175,0
175,0
175,1
175,1
175,2
175,0
175,0
175,1
175,1
175,0
175,0
175,1
175,0
175,1
175,2
175,2
175,0
175,1
175,1
175,2
175,1
175,1
175,1
175,0
175,2
175,0
175,2
175,1
175,2
175,0
175,1
175,0
175,0
175,0
175,1
175,1
175,1
175,0
175,0
175,0
175,1
175,0
175,1
175,2
175,0
175,0
175,0
175,0
175,1
175,0
175,0
175,0
175,0
175,1
175,1
175,1
175,0
175,1
175,0
175,0
175,1
175,0
175,1
175,2
175,0
175,0
175,0
175,0
175,2
175,1
175,1
175,0
175,2
175,0
175,3
175,1
175,1
175,1
175,1
175,1
175,1
175,0
175,1
175,0
175,3
175,0
175,1
175,0
175,2
175,1
175,2
175,0
175,2
175,1
175,0
175,0
175,1
175,0
175,1
175,1
175,1
175,0
175,1
175,0
175,1
175,1
175,0
175,0
175,0
175,1
175,1
175,0
175,0
175,0
175,0
175,0
175,0
175,0
175,1
175,2
175,1
175,1
175,2
175,1
175,1
175,0
175,0
175,1
175,0
175,0
175,0
175,0
175,0
175,0
175,1
175,1
175,2
175,2
175,2
175,0
175,1
175,2
175,0
175,0
175,2
175,0
175,1
175,0
175,0
175,0
175,2
175,0
175,3
175,2
175,0
175,0
175,2
175,1
175,0
175,1
175,1
175,1
175,1
175,0
175,1
175,1
175,0
175,2
175,1
175,0
175,0
175,3
175,1
175,0
175,2
175,1
175,0
175,2
175,0
175,0
175,1
175,0
175,0
175,1
175,1
175,2
175,0
175,0
175,2
175,0
175,3
175,1
175,2
175,2
175,2
175,1
175,1
175,1
175,0
175,0
175,1
175,0
175,2
175,1
175,2
175,3
175,0
175,1
175,0
175,3
175,2
175,1
175,1
175,0
175,0
175,0
175,3
175,0
175,1
175,0
175,1
175,0
175,0
175,2
175,0
175,0
175,1
175,1
175,0
175,0
175,0
175,1
175,2
175,2
175,2
175,0
175,1
175,1
175,1
175,1
175,2
175,0
175,1
175,0
175,0
175,1
175,1
175,2
175,0
175,0
175,0
175,1
175,0
175,0
175,1
175,0
175,2
175,1
175,2
175,0
175,1
175,0
175,0
175,0
175,0
175,0
175,1
175,0
175,0
175,0
175,1
175,1
175,0
175,1
175,0
175,0
175,1
175,2
175,1
175,2
175,1
175,1
175,1
175,1
175,0
175,1
175,3
175,2
175,2
175,0
175,0
175,1
175,1
175,0
175,1
175,0
175,4
175,1
175,1
175,1
175,2
175,1
175,3
175,0
175,0
175,0
175,1
175,0
175,1
175,0
175,0
175,0
175,1
175,0
175,0
175,0
175,2
175,1
175,0
175,2
175,1
175,0
175,1
175,2
175,1
175,1
175,2
175,0
175,1
175,2
175,0
175,0
175,1
175,0
175,1
175,1
175,0
175,0
175,0
175,1
175,1
175,1
175,2
175,0
175,0
175,0
175,0
175,2
175,1
175,1
175,0
175,3
175,0
175,2
175,0
175,2
175,1
175,0
175,0
175,1
175,0
175,0
175,0
175,2
175,0
175,0
175,1
175,0
175,0
175,2
175,1
175,1
175,0
175,0
175,1
175,2
175,0
175,0
175,0
175,1
175,1
175,0
175,0
175,0
175,2
175,0
175,4
175,1
175,0
175,0
175,0
175,0
175,0
175,1
175,1
175,2
175,1
175,0
175,2
175,1
175,1
175,2
175,0
175,0
175,0
175,0
175,1
175,1
175,0
175,2
175,0
175,1
175,2
175,1
175,2
175,1
175,0
175,1
175,0
175,0
175,1
175,0
175,0
175,0
175,0
175,0
175,0
175,2
175,0
175,1
175,0
175,0
175,1
175,0
175,0
175,0
175,1
175,1
175,2
175,1
175,0
175,0
175,1
175,0
175,0
175,1
175,2
175,0
175,1
175,0
175,1
175,0
175,4
175,1
175,0
175,1
175,0
175,1
175,0
175,0
175,0
175,2
175,0
175,1
175,0
175,0
175,0
175,2
175,0
175,3
175,0
175,3
175,0
175,3
175,1
175,1
175,1
175,0
175,2
175,0
175,1
175,0
175,0
175,1
175,0
175,0
175,1
175,1
175,2
175,1
175,1
175,1
175,1
175,0
175,0
175,1
175,1
175,3
175,0
175,1
175,1
175,0
175,1
175,0
175,2
175,0
175,1
175,1
175,1
175,0
175,1
175,2
175,1
175,0
175,1
175,0
175,0
175,0
175,1
175,0
175,1
175,0
175,1
175,0
175,0
175,0
175,1
175,0
175,0
175,1
175,0
175,0
175,1
175,3
175,1
175,0
175,2
175,1
175,1
175,0
175,2
175,0
175,0
175,0
175,1
175,1
175,0
175,0
175,2
175,2
175,1
175,1
175,1
175,3
175,0
175,3
175,0
175,0
175,0
175,1
175,1
175,1
175,2
175,1
175,2
175,1
175,0
175,0
175,1
175,0
175,0
175,1
175,0
175,0
175,0
175,0
175,0
175,0
175,0
175,0
175,0
175,0
175,1
175,1
175,2
175,0
175,2
175,0
175,0
175,1
175,1
175,1
175,0
175,2
175,0
175,1
175,0
175,0
175,0
175,0
175,0
175,0
175,0
175,0
175,0
175,0
175,0
175,0
175,1
175,0
175,0
175,0
175,0
175,3
175,1
175,0
175,0
175,1
175,0
175,1
175,1
175,1
175,0
225,1
225,2
225,0
225,1
225,0
225,0
225,0
225,0
225,1
225,0
225,0
225,0
225,0
225,0
225,0
225,0
225,1
225,1
225,0
225,2
225,2
225,0
225,1
225,0
225,1
225,0
225,1
225,0
225,1
225,1
225,1
225,0
225,0
225,0
225,1
225,0
225,3
225,1
225,0
225,1
225,0
225,0
225,0
225,0
225,0
225,0
225,1
225,0
225,0
225,1
225,0
225,1
225,0
225,0
225,0
225,1
225,0
225,0
225,1
225,0
225,0
225,0
225,0
225,0
225,2
225,0
225,0
225,0
225,0
225,0
225,0
225,1
225,0
225,1
225,0
225,0
225,0
225,1
225,0
225,0
225,1
225,1
225,0
225,1
225,1
225,0
225,0
225,1
225,1
225,2
225,0
225,1
225,1
225,0
225,0
225,0
225,1
225,0
225,1
225,0
225,0
225,2
225,0
225,1
225,1
225,0
225,0
225,0
225,1
225,2
225,3
225,0
225,1
225,1
225,0
225,0
225,0
225,1
225,0
225,0
225,1
225,1
225,2
225,0
225,0
225,1
225,0
225,0
225,1
225,0
225,1
225,1
225,0
225,0
225,0
225,1
225,1
225,0
225,0
225,0
225,1
225,0
225,1
225,1
225,2
225,1
225,1
225,1
225,1
225,0
225,0
225,3
225,1
225,0
225,2
225,0
225,0
225,0
225,2
225,1
225,0
225,1
225,0
225,2
225,0
225,0
225,2
225,0
225,0
225,1
225,0
225,1
225,2
225,0
225,0
225,0
225,1
225,0
225,1
225,0
225,1
225,0
225,0
225,2
225,0
225,1
225,0
225,0
225,0
225,0
225,1
225,0
225,0
225,2
225,0
225,0
225,1
225,1
225,1
225,1
225,1
225,0
225,1
225,0
225,0
225,1
225,1
225,1
225,3
225,0
225,1
225,1
225,0
225,0
225,0
225,0
225,0
225,0
225,0
225,2
225,0
225,2
225,0
225,0
225,1
225,1
225,2
225,0
225,0
225,0
225,1
225,0
225,1
225,1
225,0
225,0
225,0
225,0
225,0
225,1
225,0
225,0
225,0
225,0
225,1
225,0
225,0
225,1
225,0
225,1
225,0
225,1
225,0
225,0
225,0
225,1
225,1
225,1
225,1
225,0
225,1
225,0
225,1
225,0
225,2
225,0
225,0
225,0
225,2
225,0
225,0
225,1
225,2
225,1
225,1
225,0
225,1
225,1
225,1
225,3
225,0
225,0
225,1
225,0
225,1
225,0
225,1
225,0
225,0
225,0
225,0
225,2
225,0
225,2
225,2
225,2
225,0
225,0
225,0
225,2
225,1
225,0
225,1
225,0
225,0
225,0
225,1
225,0
225,0
225,0
225,0
225,0
225,0
225,0
225,0
225,2
225,1
225,0
225,0
225,0
225,2
225,1
225,0
225,1
225,0
225,1
225,0
225,0
225,1
225,1
225,1
225,1
225,1
225,1
225,1
225,1
225,0
225,1
225,1
225,2
225,0
225,0
225,1
225,0
225,1
225,0
225,1
225,0
225,1
225,0
225,0
225,0
225,1
225,1
225,0
225,0
225,3
225,1
225,0
225,1
225,0
225,1
225,0
225,0
225,0
225,0
225,1
225,1
225,0
225,1
225,1
225,0
225,0
225,0
225,0
225,2
225,0
225,0
225,0
225,0
225,0
225,0
225,0
225,0
225,2
225,0
225,2
225,2
225,1
225,0
225,0
225,1
225,0
225,0
225,0
225,1
225,0
225,1
225,0
225,0
225,0
225,0
225,2
225,0
225,1
225,0
225,2
225,2
225,0
225,1
225,0
225,2
225,0
225,0
225,1
225,0
225,2
225,1
225,1
225,0
225,0
225,0
225,2
225,0
225,0
225,0
225,0
225,0
225,1
225,0
225,2
225,0
225,2
225,1
225,0
225,0
225,2
225,0
225,1
225,2
225,0
225,1
225,0
225,1
225,1
225,0
225,1
225,2
225,0
225,0
225,1
225,0
225,0
225,0
225,0
225,1
225,0
225,1
225,1
225,0
225,0
225,1
225,0
225,1
225,0
225,0
225,0
225,0
225,0
225,0
225,1
225,1
225,1
225,0
225,2
225,0
225,1
225,1
225,1
225,0
225,0
225,0
225,0
225,0
225,0
225,0
225,1
225,0
225,3
225,1
225,0
225,1
225,0
225,1
225,0
225,2
225,1
225,0
225,0
225,0
225,0
225,0
225,0
225,0
225,2
225,0
225,0
225,0
225,0
225,1
225,0
225,1
225,1
225,0
225,0
225,1
225,1
225,0
225,0
225,0
225,0
225,0
225,0
225,1
225,2
225,0
225,1
225,0
225,0
225,0
225,0
225,1
225,0
225,1
225,1
225,0
225,0
225,0
225,0
225,0
225,1
225,1
225,1
225,1
225,1
225,1
225,1
225,0
225,0
225,0
225,1
225,0
225,1
225,0
225,2
225,0
225,1
225,0
225,0
225,0
225,0
225,1
225,0
225,0
225,1
225,1
225,0
225,0
225,2
225,1
225,1
225,1
225,0
225,1
225,0
225,1
225,0
225,0
225,1
225,1
225,0
225,0
225,2
225,0
225,0
225,1
225,0
225,1
225,0
225,0
225,0
225,0
225,1
225,0
225,0
225,1
225,1
225,1
225,1
225,0
225,0
225,1
225,0
225,2
225,1
225,1
225,0
225,0
225,0
225,1
225,0
225,0
225,0
225,1
225,1
225,0
225,0
225,2
225,0
225,0
225,1
225,0
225,0
225,1
225,0
225,0
225,0
225,0
225,1
225,1
225,2
225,0
225,1
225,1
225,0
225,0
225,2
225,2
225,1
225,0
225,0
225,1
225,1
225,0
225,1
225,0
225,0
225,0
225,0
225,0
225,0
225,2
225,0
225,1
225,0
225,0
225,1
225,0
225,0
225,1
225,0
225,1
225,1
225,0
225,2
225,0
225,2
225,0
225,0
225,2
225,1
225,0
225,1
225,0
225,0
225,2
225,1
225,0
225,0
225,0
225,0
225,0
225,0
225,0
225,2
225,0
225,1
225,1
225,1
225,0
225,0
225,1
225,1
225,0
225,1
225,0
225,0
225,1
225,1
225,2
225,1
225,0
225,1
225,0
225,0
225,0
225,0
225,0
225,0
225,2
225,1
225,0
225,0
225,0
225,0
225,1
225,0
225,1
225,0
225,1
225,0
225,0
225,0
225,2
225,0
225,3
225,0
225,2
225,2
225,0
225,1
225,0
225,0
225,1
225,0
225,1
225,2
225,1
225,0
225,1
225,0
225,0
225,0
225,0
225,1
225,1
225,0
225,0
225,0
225,2
225,1
225,1
225,0
225,0
225,0
225,0
225,0
225,0
225,0
225,1
225,1
225,2
225,2
225,2
225,2
225,0
225,0
225,1
225,0
225,0
225,1
225,1
225,0
225,0
225,1
225,0
225,0
225,0
225,2
225,0
225,0
225,1
225,0
225,1
225,0
225,1
225,0
225,1
225,0
225,1
225,0
225,0
225,0
225,1
225,0
225,1
225,1
225,0
225,2
225,0
225,1
225,1
225,1
225,2
225,0
225,1
225,0
225,0
225,1
225,0
225,1
225,0
225,0
225,0
225,0
225,0
225,1
225,0
225,0
225,0
225,0
225,0
225,0
225,1
225,0
225,0
225,0
225,3
225,0
225,0
225,0
225,0
225,2
225,0
225,0
225,0
225,0
225,0
225,1
225,0
225,0
225,1
225,1
225,1
225,2
225,1
225,0
225,2
225,1
225,1
225,0
225,1
225,3
225,0
225,1
225,0
225,1
225,1
225,0
225,3
225,0
225,2
225,1
225,0
225,0
225,0
225,0
225,1
225,0
225,1
225,1
225,1
225,0
225,0
225,1
225,1
225,1
225,1
225,0
225,0
225,0
225,0
225,1
225,1
225,1
225,0
225,1
225,0
225,2
225,1
225,0
225,2
225,0
225,0
225,0
225,2
225,1
225,0
225,0
225,0
225,1
225,1
225,1
225,2
225,1
225,1
225,0
225,0
225,0
225,0
225,0
225,0
225,0
225,0
225,1
225,0
225,1
225,0
225,0
225,0
225,1
225,0
225,2
225,2
225,1
225,1
225,0
225,1
225,1
225,1
225,0
225,1
225,1
225,1
225,0
225,0
225,1
225,1
225,1
225,0
225,0
225,0
225,1
225,1
225,0
225,0
225,2
225,1
225,1
225,0
225,1
225,2
225,2
225,0
225,0
225,0
225,0
225,1
225,0
225,0
225,1
225,1
225,0
225,1
225,0
225,2
225,1
225,0
225,2
225,1
225,0
225,0
225,1
225,2
225,0
225,0
225,0
225,1
225,3
225,0
225,0
225,1
225,0
225,0
225,2
225,0
225,0
225,0
225,0
225,1
225,0
225,0
225,1
225,0
225,1
225,1
225,0
225,0
225,0
225,0
275,0
275,0
275,1
275,0
275,0
275,0
275,1
275,1
275,0
275,1
275,0
275,0
275,0
275,0
275,0
275,0
275,0
275,0
275,0
275,0
275,0
275,2
275,0
275,0
275,0
275,0
275,0
275,0
275,1
275,0
275,0
275,0
275,0
275,0
275,1
275,0
275,0
275,0
275,1
275,0
275,1
275,1
275,0
275,0
275,0
275,3
275,2
275,0
275,0
275,1
275,1
275,0
275,0
275,0
275,0
275,0
275,0
275,0
275,0
275,0
275,0
275,0
275,1
275,0
275,1
275,0
275,0
275,1
275,0
275,2
275,0
275,0
275,2
275,0
275,0
275,0
275,0
275,0
275,1
275,2
275,0
275,3
275,0
275,0
275,0
275,1
275,0
275,0
275,0
275,0
275,0
275,0
275,0
275,0
275,0
275,0
275,1
275,0
275,0
275,0
275,0
275,0
275,0
275,0
275,1
275,0
275,0
275,1
275,0
275,0
275,1
275,1
275,0
275,1
275,0
275,0
275,1
275,0
275,0
275,0
275,0
275,1
275,0
275,0
275,0
275,1
275,0
275,0
275,1
275,0
275,0
275,0
275,0
275,0
275,0
275,0
275,0
275,0
275,0
275,0
275,0
275,1
275,0
275,0
275,0
275,0
275,0
275,0
275,0
275,1
275,0
275,0
275,0
275,2
275,0
275,1
275,0
275,1
275,0
275,0
275,0
275,1
275,0
275,1
275,0
275,0
275,1
275,2
275,0
275,0
275,0
275,0
275,3
275,0
275,1
275,0
275,0
275,1
275,0
275,0
275,1
275,0
275,0
275,0
275,0
275,1
275,0
275,0
275,0
275,0
275,0
275,0
275,1
275,1
275,0
275,0
275,0
275,0
275,0
275,0
275,1
275,0
275,1
275,0
275,0
275,0
275,1
275,0
275,0
275,1
275,0
275,0
275,0
275,0
275,0
275,0
275,0
275,1
275,0
275,1
275,0
275,0
275,1
275,0
275,2
275,1
275,1
275,0
275,0
275,1
275,0
275,0
275,2
275,0
275,0
275,2
275,0
275,1
275,0
275,0
275,0
275,1
275,0
275,0
275,1
275,1
275,1
275,1
275,0
275,0
275,0
275,0
275,1
275,0
275,1
275,1
275,0
275,0
275,0
275,0
275,0
275,0
275,0
275,0
275,0
275,0
275,1
275,0
275,0
275,0
275,0
275,0
275,0
275,0
275,0
275,2
275,0
275,0
275,0
275,0
275,0
275,0
275,1
275,0
275,0
275,0
275,0
275,1
275,0
275,0
275,0
275,0
275,0
275,0
275,1
275,1
275,0
275,0
275,0
275,1
275,2
275,0
275,1
275,0
275,0
275,3
275,0
275,0
275,0
275,0
275,0
275,1
275,0
275,0
275,0
275,0
275,0
275,0
275,1
275,1
275,0
275,0
275,0
275,0
275,1
275,1
275,0
275,1
275,0
275,1
275,0
275,0
275,2
275,1
275,0
275,1
275,0
275,0
275,1
275,0
275,0
275,0
275,0
275,0
275,0
275,1
275,0
275,0
275,0
275,0
275,0
275,0
275,0
275,3
275,2
275,0
275,2
275,0
275,0
275,0
275,0
275,0
275,0
275,0
275,0
275,0
275,1
275,0
275,0
275,0
275,0
275,1
275,0
275,0
275,0
275,0
275,0
275,0
275,0
275,0
275,1
275,0
275,0
275,0
275,2
275,0
275,0
275,0
275,1
275,0
275,0
275,0
275,1
275,1
275,0
275,0
275,1
275,0
275,1
275,0
275,1
275,0
275,0
275,0
275,0
275,2
275,1
275,2
275,1
275,0
275,0
275,0
275,1
275,1
275,2
275,1
275,0
275,2
275,0
275,0
275,0
275,0
275,0
275,0
275,0
275,0
275,0
275,1
275,0
275,0
275,0
275,0
275,1
275,0
275,1
275,1
275,1
275,0
275,1
275,1
275,0
275,0
275,0
275,0
275,1
275,0
275,0
275,0
275,0
275,0
275,0
275,0
275,0
275,0
275,0
275,0
275,1
275,2
275,1
275,1
275,0
275,1
275,1
275,0
275,0
275,2
275,0
275,1
275,0
275,2
275,0
275,0
275,0
275,1
275,0
275,0
275,0
275,0
275,0
275,0
275,0
275,0
275,0
275,0
275,0
275,0
275,0
275,0
275,3
275,1
275,0
275,0
275,3
275,0
275,0
275,0
275,0
275,0
275,1
275,0
275,1
275,0
275,0
275,0
275,0
275,0
275,0
275,0
275,0
275,0
275,0
275,0
275,0
275,1
275,0
275,0
275,1
275,1
275,0
275,1
275,1
275,0
275,1
275,1
275,1
275,0
275,0
275,2
275,1
275,0
275,1
275,0
275,0
275,1
275,1
275,0
275,0
275,0
275,0
275,1
275,0
275,0
275,0
275,0
275,0
275,1
275,0
275,1
275,0
275,0
275,0
275,0
275,1
275,0
275,0
275,1
275,0
275,1
275,0
275,0
275,0
275,1
275,0
275,0
275,0
275,0
275,0
275,0
275,1
275,0
275,0
275,0
275,1
275,0
275,0
275,0
275,1
275,1
275,0
275,0
275,0
275,0
275,0
275,1
275,0
275,0
275,0
275,0
275,0
275,1
275,0
275,0
275,0
275,0
275,1
275,0
275,0
275,0
275,1
275,0
275,0
275,1
275,0
275,2
275,0
275,0
275,0
275,0
275,1
275,0
275,0
275,1
275,0
275,0
275,0
275,1
275,0
275,0
275,0
275,0
275,1
275,0
275,0
275,0
275,1
275,0
275,0
275,0
275,0
275,1
275,0
275,0
275,1
275,1
275,0
275,0
275,1
275,0
275,0
275,1
275,0
275,0
275,0
275,1
275,0
275,0
275,0
275,0
275,0
275,1
275,1
275,0
275,0
275,0
275,3
275,1
275,1
275,0
275,0
275,0
275,1
275,0
275,1
275,1
275,0
275,0
275,1
275,0
275,2
275,0
275,0
275,1
275,2
275,1
275,0
275,0
275,0
275,0
275,0
275,0
275,0
275,0
275,0
275,1
275,0
275,0
275,1
275,0
275,0
275,0
275,0
275,0
275,0
275,2
275,0
275,1
275,0
275,0
275,0
275,2
275,2
275,1
275,0
275,0
275,1
275,0
275,0
275,0
275,0
275,1
275,1
275,0
275,0
275,0
275,1
275,0
275,1
275,1
275,1
275,0
275,0
275,0
275,0
275,1
275,0
275,1
275,0
275,0
275,2
275,0
275,0
275,0
275,1
275,1
275,1
275,0
275,0
275,0
275,0
275,0
275,0
275,0
275,1
275,0
275,1
275,0
275,1
275,0
275,0
275,0
275,1
275,0
275,1
275,0
275,0
275,0
275,1
275,0
275,0
275,1
275,0
275,0
275,0
275,0
275,1
275,0
275,0
275,0
275,0
275,0
275,0
275,0
275,0
275,0
275,0
275,0
275,0
275,0
275,0
275,0
275,0
275,0
275,0
275,0
275,0
275,1
275,0
275,0
275,1
275,2
275,1
275,0
275,0
275,0
275,0
275,1
275,1
275,1
275,0
275,2
275,1
275,0
275,0
275,0
275,0
275,1
275,1
275,0
275,0
275,0
275,0
275,0
275,1
275,2
275,0
275,0
275,0
275,1
275,0
275,0
275,1
275,0
275,0
275,0
275,0
275,1
275,0
275,0
275,0
275,0
275,1
275,0
275,0
275,0
275,0
275,0
275,0
275,1
275,0
275,0
275,0
275,0
275,0
275,2
275,0
275,0
275,0
275,0
275,0
275,0
275,0
275,0
275,1
275,2
275,0
275,0
275,0
275,0
275,1
275,0
275,1
275,1
275,0
275,0
275,0
275,2
275,0
275,1
275,1
275,0
275,1
275,0
275,0
275,0
275,0
275,0
275,0
275,0
275,0
275,0
275,0
275,0
275,0
275,0
275,0
275,0
275,1
275,0
275,1
275,0
275,0
275,0
275,0
275,0
275,0
275,1
275,0
275,1
275,2
275,0
275,0
275,0
275,1
275,0
275,1
275,0
275,1
275,1
275,0
275,0
275,1
275,0
275,0
275,0
275,0
275,0
275,0
275,1
275,0
275,0
275,0
275,0
275,0
275,0
275,0
275,0
275,0
275,1
275,0
275,1
275,0
275,0
275,0
275,0
275,1
275,0
275,0
275,0
275,0
275,1
275,0
275,1
275,0
275,0
275,1
275,1
275,0
275,0
275,1
275,0
275,0
275,2
275,0
275,1
275,0
275,0
275,1
275,0
275,0
275,1
275,1
275,0
275,0
275,0
275,0
275,0
275,1
275,1
275,1
275,0
275,1
275,1
275,0
275,0
275,0
275,0
275,0
275,0
275,0
275,1
275,0
275,2
275,0
275,0
275,0
275,0
275,0
275,0
275,0
275,0
275,1
275,1
275,0
275,0
275,0
275,0
275,0
275,0
275,1
275,1
325,0
325,0
325,0
325,0
325,0
325,0
325,0
325,1
325,0
325,1
325,0
325,0
325,0
325,0
325,0
325,0
325,0
325,0
325,0
325,1
325,0
325,1
325,0
325,0
325,1
325,1
325,0
325,0
325,0
325,0
325,0
325,0
325,1
325,0
325,1
325,2
325,0
325,0
325,1
325,1
325,0
325,0
325,0
325,0
325,0
325,0
325,0
325,1
325,0
325,0
325,0
325,0
325,0
325,0
325,0
325,1
325,0
325,0
325,0
325,1
325,0
325,1
325,1
325,0
325,0
325,1
325,0
325,0
325,0
325,0
325,0
325,0
325,0
325,0
325,1
325,1
325,0
325,0
325,0
325,1
325,1
325,1
325,1
325,0
325,0
325,0
325,0
325,0
325,1
325,0
325,1
325,0
325,0
325,0
325,0
325,0
325,0
325,0
325,0
325,0
325,0
325,1
325,0
325,0
325,0
325,0
325,0
325,0
325,0
325,0
325,0
325,1
325,1
325,0
325,0
325,0
325,0
325,0
325,0
325,0
325,1
325,0
325,0
325,0
325,0
325,0
325,0
325,0
325,0
325,0
325,0
325,1
325,0
325,0
325,0
325,0
325,0
325,0
325,0
325,2
325,0
325,0
325,0
325,0
325,0
325,0
325,1
325,1
325,0
325,1
325,2
325,0
325,0
325,1
325,0
325,0
325,1
325,0
325,0
325,0
325,0
325,1
325,0
325,0
325,0
325,0
325,1
325,0
325,0
325,0
325,0
325,0
325,1
325,0
325,0
325,1
325,0
325,0
325,0
325,0
325,0
325,0
325,0
325,1
325,0
325,0
325,1
325,0
325,0
325,0
325,0
325,0
325,0
325,1
325,0
325,1
325,1
325,0
325,0
325,0
325,0
325,0
325,0
325,0
325,0
325,1
325,0
325,1
325,0
325,0
325,0
325,0
325,0
325,1
325,0
325,0
325,0
325,0
325,0
325,1
325,2
325,1
325,0
325,0
325,0
325,0
325,0
325,1
325,0
325,0
325,2
325,0
325,0
325,0
325,0
325,0
325,0
325,0
325,0
325,0
325,0
325,0
325,1
325,2
325,0
325,0
325,0
325,0
325,0
325,0
325,0
325,1
325,0
325,1
325,0
325,0
325,0
325,0
325,0
325,0
325,0
325,0
325,2
325,0
325,0
325,0
325,0
325,0
325,0
325,0
325,0
325,0
325,0
325,0
325,0
325,1
325,0
325,0
325,1
325,0
325,0
325,0
325,0
325,0
325,0
325,0
325,1
325,0
325,0
325,1
325,0
325,0
325,0
325,0
325,1
325,1
325,0
325,0
325,0
325,1
325,0
325,0
325,1
325,0
325,2
325,0
325,0
325,0
325,0
325,0
325,0
325,0
325,0
325,2
325,0
325,0
325,0
325,0
325,0
325,1
325,0
325,0
325,0
325,0
325,0
325,0
325,0
325,1
325,1
325,0
325,0
325,2
325,2
325,1
325,0
325,0
325,0
325,1
325,0
325,1
325,1
325,0
325,0
325,0
325,0
325,0
325,1
325,0
325,0
325,2
325,1
325,0
325,0
325,1
325,0
325,0
325,0
325,0
325,0
325,0
325,0
325,1
325,0
325,0
325,0
325,0
325,0
325,0
325,0
325,0
325,0
325,0
325,0
325,0
325,0
325,0
325,0
325,0
325,1
325,1
325,0
325,0
325,0
325,0
325,0
325,0
325,0
325,0
325,0
325,1
325,0
325,0
325,0
325,0
325,0
325,0
325,0
325,1
325,1
325,0
325,0
325,0
325,0
325,0
325,1
325,0
325,0
325,0
325,0
325,0
325,0
325,0
325,0
325,0
325,0
325,0
325,0
325,0
325,0
325,0
325,1
325,0
325,1
325,0
325,0
325,0
325,0
325,0
325,0
325,0
325,0
325,0
325,0
325,0
325,0
325,0
325,0
325,1
325,2
325,0
325,0
325,1
325,0
325,1
325,0
325,0
325,1
325,0
325,0
325,0
325,0
325,1
325,1
325,0
325,0
325,0
325,0
325,0
325,0
325,0
325,0
325,0
325,1
325,1
325,0
325,0
325,0
325,1
325,0
325,0
325,0
325,0
325,1
325,0
325,0
325,0
325,0
325,0
325,0
325,0
325,0
325,0
325,0
325,0
325,1
325,1
325,0
325,0
325,1
325,1
325,0
325,0
325,0
325,0
325,0
325,0
325,0
325,0
325,0
325,0
325,0
325,0
325,0
325,0
325,0
325,0
325,0
325,1
325,0
325,0
325,0
325,0
325,0
325,0
325,0
325,1
325,0
325,0
325,0
325,1
325,0
325,0
325,0
325,0
325,0
325,0
325,0
325,0
325,0
325,0
325,0
325,0
325,0
325,0
325,0
325,0
325,0
325,0
325,0
325,0
325,1
325,0
325,0
325,1
325,1
325,0
325,0
325,1
325,0
325,0
325,0
325,1
325,0
325,1
325,0
325,0
325,1
325,0
325,1
325,0
325,0
325,0
325,0
325,0
325,0
325,1
325,0
325,0
325,0
325,0
325,0
325,1
325,1
325,0
325,0
325,0
325,0
325,1
325,0
325,0
325,1
325,0
325,0
325,0
325,1
325,0
325,0
325,0
325,0
325,1
325,0
325,1
325,0
325,1
325,0
325,0
325,0
325,0
325,2
325,0
325,0
325,0
325,0
325,1
325,1
325,0
325,0
325,0
325,0
325,0
325,0
325,0
325,0
325,0
325,0
325,0
325,0
325,0
325,0
325,0
325,1
325,0
325,0
325,2
325,0
325,0
325,0
325,1
325,0
325,0
325,0
325,0
325,2
325,1
325,0
325,0
325,1
325,0
325,0
325,0
325,0
325,1
325,0
325,0
325,0
325,0
325,1
325,0
325,0
325,0
325,0
325,0
325,1
325,0
325,0
325,0
325,0
325,0
325,0
325,0
325,0
325,0
325,1
325,0
325,0
325,1
325,0
325,2
325,1
325,0
325,0
325,0
325,0
325,0
325,0
325,0
325,1
325,0
325,0
325,1
325,0
325,0
325,1
325,0
325,1
325,0
325,0
325,0
325,0
325,1
325,1
325,0
325,0
325,0
325,0
325,0
325,0
325,0
325,0
325,0
325,0
325,1
325,0
325,0
325,0
325,0
325,0
325,0
325,1
325,0
325,1
325,0
325,0
325,1
325,0
325,0
325,0
325,1
325,0
325,0
325,0
325,0
325,0
325,1
325,0
325,1
325,0
325,0
325,0
325,0
325,0
325,0
325,0
325,0
325,0
325,0
325,1
325,0
325,0
325,1
325,0
325,0
325,0
325,0
325,0
325,0
325,0
325,1
325,0
325,0
325,0
325,0
325,0
325,1
325,0
325,0
325,1
325,0
325,0
325,0
325,0
325,0
325,0
325,0
325,0
325,0
325,1
325,0
325,0
325,0
325,2
325,0
325,0
325,0
325,0
325,0
325,0
325,0
325,0
325,0
325,0
325,1
325,1
325,0
325,0
325,0
325,1
325,0
325,1
325,0
325,0
325,1
325,0
325,1
325,0
325,0
325,1
325,0
325,0
325,1
325,0
325,0
325,0
325,0
325,1
325,0
325,0
325,0
325,1
325,1
325,0
325,1
325,0
325,0
325,0
325,1
325,0
325,1
325,0
325,0
325,0
325,0
325,0
325,0
325,0
325,0
325,0
325,0
325,0
325,0
325,0
325,0
325,0
325,1
325,1
325,0
325,0
325,0
325,0
325,0
325,0
325,1
325,0
325,0
325,0
325,0
325,1
325,0
325,0
325,0
325,0
325,0
325,0
325,0
325,0
325,1
325,1
325,0
325,1
325,0
325,0
325,1
325,0
325,0
325,0
325,0
325,2
325,0
325,1
325,0
325,2
325,0
325,0
325,0
325,0
325,0
325,0
325,1
325,0
325,0
325,0
325,1
325,0
325,0
325,1
325,1
325,0
325,0
325,2
325,0
325,1
325,0
325,1
325,0
325,0
325,0
325,1
325,1
325,0
325,0
325,0
325,1
325,0
325,0
325,0
325,1
325,1
325,1
325,1
325,1
325,1
325,0
325,0
325,0
325,1
325,0
325,0
325,0
325,0
325,0
325,0
325,0
325,0
325,0
325,0
325,0
325,0
325,0
325,0
325,0
325,0
325,0
325,0
325,1
325,0
325,0
325,1
325,0
325,1
325,0
325,0
325,1
325,0
325,0
325,0
325,0
325,0
325,1
325,0
325,0
325,0
325,0
325,0
325,0
325,0
325,0
325,0
325,0
325,1
325,0
325,0
325,0
325,0
325,2
325,1
325,1
325,1
325,0
325,0
325,0
325,0
325,1
325,0
325,0
325,1
325,1
325,0
325,0
325,0
325,0
325,0
325,0
325,0
325,0
325,0
325,0
325,1
325,1
325,0
325,1
325,0
325,1
325,0
325,0
325,1
325,1
325,0
325,1
325,0
325,0
375,0
375,0
375,0
375,0
375,0
375,0
375,0
375,0
375,0
375,0
375,0
375,0
375,0
375,0
375,0
375,0
375,0
375,1
375,1
375,0
375,0
375,0
375,0
375,0
375,0
375,1
375,0
375,0
375,0
375,1
375,0
375,0
375,0
375,0
375,0
375,0
375,0
375,0
375,0
375,0
375,1
375,0
375,0
375,0
375,0
375,0
375,0
375,0
375,0
375,0
375,0
375,0
375,1
375,0
375,0
375,0
375,0
375,0
375,0
375,0
375,0
375,1
375,2
375,0
375,0
375,1
375,0
375,1
375,0
375,0
375,0
375,0
375,0
375,0
375,0
375,1
375,0
375,1
375,0
375,0
375,0
375,0
375,1
375,1
375,1
375,0
375,0
375,0
375,1
375,0
375,0
375,0
375,0
375,0
375,1
375,0
375,1
375,0
375,0
375,0
375,0
375,0
375,1
375,0
375,0
375,1
375,0
375,0
375,0
375,0
375,0
375,0
375,0
375,0
375,0
375,1
375,1
375,0
375,0
375,0
375,0
375,0
375,0
375,0
375,0
375,0
375,0
375,0
375,0
375,0
375,0
375,0
375,0
375,0
375,0
375,0
375,0
375,0
375,0
375,0
375,0
375,0
375,0
375,0
375,0
375,0
375,1
375,0
375,0
375,0
375,0
375,0
375,1
375,0
375,0
375,0
375,1
375,0
375,0
375,0
375,1
375,0
375,0
375,0
375,0
375,0
375,0
375,0
375,0
375,0
375,0
375,0
375,0
375,0
375,0
375,0
375,2
375,0
375,0
375,0
375,1
375,0
375,0
375,0
375,0
375,1
375,0
375,0
375,0
375,0
375,0
375,0
375,0
375,0
375,0
375,0
375,0
375,0
375,0
375,0
375,1
375,0
375,0
375,0
375,0
375,0
375,0
375,1
375,0
375,1
375,0
375,0
375,2
375,0
375,0
375,0
375,0
375,1
375,1
375,0
375,0
375,0
375,0
375,0
375,0
375,0
375,0
375,0
375,0
375,2
375,0
375,0
375,0
375,0
375,0
375,0
375,0
375,1
375,1
375,0
375,0
375,0
375,0
375,0
375,0
375,0
375,0
375,0
375,0
375,0
375,0
375,0
375,1
375,0
375,0
375,0
375,0
375,1
375,0
375,0
375,0
375,0
375,1
375,0
375,0
375,0
375,0
375,0
375,0
375,0
375,0
375,0
375,0
375,0
375,0
375,0
375,0
375,1
375,1
375,0
375,0
375,1
375,0
375,0
375,0
375,0
375,0
375,0
375,1
375,0
375,0
375,0
375,0
375,1
375,0
375,0
375,2
375,0
375,0
375,0
375,0
375,0
375,0
375,0
375,0
375,0
375,0
375,0
375,1
375,0
375,0
375,0
375,1
375,1
375,0
375,0
375,0
375,0
375,1
375,0
375,1
375,1
375,0
375,1
375,2
375,0
375,0
375,0
375,0
375,0
375,0
375,1
375,0
375,0
375,0
375,0
375,0
375,0
375,1
375,0
375,0
375,1
375,0
375,0
375,0
375,1
375,0
375,2
375,0
375,0
375,1
375,1
375,0
375,0
375,0
375,0
375,0
375,0
375,0
375,1
375,0
375,0
375,0
375,0
375,1
375,0
375,0
375,0
375,1
375,0
375,0
375,0
375,0
375,0
375,0
375,0
375,1
375,0
375,0
375,0
375,0
375,1
375,0
375,0
375,0
375,0
375,0
375,0
375,0
375,0
375,0
375,0
375,0
375,0
375,0
375,0
375,0
375,0
375,0
375,0
375,0
375,0
375,0
375,0
375,0
375,0
375,0
375,0
375,0
375,0
375,0
375,0
375,0
375,0
375,1
375,0
375,0
375,0
375,0
375,0
375,0
375,0
375,0
375,0
375,1
375,0
375,0
375,1
375,0
375,0
375,0
375,0
375,0
375,1
375,0
375,0
375,1
375,0
375,0
375,1
375,0
375,0
375,0
375,0
375,0
375,0
375,0
375,0
375,0
375,0
375,0
375,0
375,0
375,0
375,0
375,0
375,0
375,0
375,0
375,0
375,0
375,0
375,0
375,0
375,0
375,0
375,0
375,0
375,0
375,0
375,0
375,0
375,0
375,0
375,0
375,0
375,1
375,0
375,0
375,0
375,0
375,1
375,0
375,1
375,1
375,0
375,0
375,0
375,0
375,0
375,0
375,0
375,0
375,0
375,0
375,0
375,0
375,0
375,0
375,0
375,0
375,0
375,0
375,0
375,0
375,0
375,0
375,0
375,1
375,1
375,0
375,1
375,0
375,0
375,1
375,0
375,0
375,1
375,0
375,0
375,0
375,0
375,0
375,0
375,0
375,0
375,0
375,1
375,0
375,0
375,2
375,0
375,0
375,0
375,0
375,0
375,1
375,1
375,1
375,0
375,0
375,0
375,0
375,0
375,0
375,0
375,0
375,0
375,2
375,0
375,0
375,0
375,0
375,0
375,0
375,0
375,1
375,0
375,0
375,0
375,0
375,0
375,0
375,0
375,0
375,0
375,1
375,0
375,1
375,0
375,0
375,0
375,0
375,0
375,2
375,1
375,0
375,0
375,0
375,0
375,0
375,0
375,0
375,0
375,1
375,0
375,1
375,0
375,0
375,0
375,1
375,0
375,0
375,0
375,0
375,0
375,0
375,0
375,0
375,0
375,0
375,0
375,0
375,0
375,0
375,0
375,1
375,1
375,0
375,1
375,0
375,0
375,0
375,0
375,0
375,0
375,0
375,0
375,0
375,1
375,3
375,0
375,0
375,0
375,0
375,0
375,0
375,0
375,0
375,0
375,0
375,0
375,0
375,0
375,0
375,0
375,0
375,0
375,1
375,0
375,1
375,1
375,0
375,0
375,0
375,2
375,0
375,1
375,0
375,0
375,0
375,1
375,0
375,0
375,0
375,0
375,1
375,1
375,1
375,0
375,0
375,0
375,0
375,1
375,0
375,0
375,0
375,0
375,1
375,0
375,1
375,0
375,1
375,1
375,1
375,0
375,3
375,1
375,0
375,0
375,0
375,0
375,0
375,0
375,0
375,2
375,1
375,0
375,0
375,0
375,0
375,0
375,0
375,1
375,0
375,1
375,0
375,0
375,0
375,1
375,0
375,0
375,0
375,0
375,0
375,0
375,0
375,0
375,0
375,0
375,0
375,0
375,0
375,1
375,0
375,1
375,0
375,0
375,0
375,0
375,0
375,1
375,1
375,0
375,0
375,0
375,0
375,0
375,0
375,0
375,0
375,0
375,0
375,0
375,0
375,0
375,0
375,0
375,0
375,1
375,0
375,2
375,0
375,0
375,1
375,0
375,0
375,0
375,1
375,0
375,1
375,0
375,0
375,0
375,1
375,0
375,0
375,0
375,1
375,0
375,0
375,0
375,0
375,0
375,0
375,1
375,1
375,0
375,0
375,0
375,0
375,0
375,0
375,0
375,1
375,1
375,1
375,0
375,0
375,1
375,0
375,0
375,0
375,0
375,1
375,1
375,1
375,1
375,0
375,0
375,0
375,0
375,0
375,0
375,0
375,0
375,0
375,0
375,0
375,1
375,0
375,0
375,0
375,1
375,1
375,1
375,0
375,0
375,1
375,0
375,1
375,0
375,1
375,0
375,0
375,1
375,1
375,0
375,1
375,0
375,0
375,0
375,0
375,0
375,1
375,1
375,0
375,0
375,0
375,0
375,0
375,0
375,0
375,0
375,0
375,1
375,0
375,0
375,1
375,0
375,0
375,0
375,0
375,1
375,1
375,0
375,0
375,0
375,1
375,0
375,1
375,1
375,1
375,0
375,0
375,0
375,0
375,0
375,0
375,0
375,0
375,1
375,1
375,0
375,1
375,0
375,1
375,0
375,0
375,0
375,0
375,0
375,0
375,0
375,0
375,1
375,0
375,0
375,0
375,0
375,1
375,0
375,0
375,0
375,1
375,0
375,0
375,0
375,0
375,0
375,0
375,1
375,0
375,1
375,0
375,0
375,0
375,0
375,1
375,1
375,0
375,0
375,0
375,0
375,0
375,1
375,0
375,0
375,0
375,0
375,0
375,0
375,0
375,0
375,0
375,0
375,0
375,0
375,0
375,0
375,0
375,0
375,1
375,0
375,0
375,0
375,0
375,0
375,0
375,1
375,0
375,1
375,0
375,1
375,1
375,0
375,0
375,0
375,0
375,0
375,1
375,1
375,0
375,0
375,0
375,2
375,0
375,0
375,0
375,0
375,1
375,0
375,0
375,0
375,0
375,1
375,0
375,0
375,0
375,1
375,0
375,1
375,0
375,0
375,0
375,0
375,0
375,1
375,0
375,0
375,0
375,0
375,0
375,0
375,0
375,0
375,0
375,0
375,1
375,1
375,0
375,0
375,0
375,0
375,0
375,1
375,0
375,0
375,0
375,0
375,0
375,0
375,1
375,0
375,1
375,0
375,0
375,0
375,0
375,0
425,0
425,0
425,0
425,0
425,0
425,0
425,0
425,0
425,0
425,0
425,0
425,1
425,0
425,0
425,0
425,0
425,0
425,0
425,0
425,0
425,0
425,0
425,0
425,0
425,0
425,0
425,0
425,0
425,0
425,1
425,0
425,0
425,0
425,1
425,0
425,1
425,1
425,0
425,1
425,0
425,0
425,0
425,0
425,0
425,0
425,1
425,0
425,0
425,1
425,0
425,0
425,0
425,0
425,0
425,0
425,0
425,0
425,0
425,0
425,0
425,1
425,0
425,0
425,0
425,0
425,0
425,0
425,0
425,0
425,0
425,0
425,0
425,0
425,0
425,0
425,0
425,1
425,0
425,0
425,0
425,0
425,0
425,0
425,0
425,0
425,0
425,0
425,0
425,0
425,0
425,0
425,0
425,0
425,0
425,0
425,0
425,0
425,1
425,0
425,0
425,0
425,0
425,0
425,0
425,0
425,0
425,0
425,0
425,1
425,0
425,0
425,0
425,0
425,0
425,0
425,0
425,0
425,0
425,0
425,0
425,0
425,0
425,0
425,0
425,0
425,0
425,0
425,1
425,1
425,1
425,1
425,0
425,1
425,0
425,0
425,1
425,0
425,0
425,1
425,1
425,0
425,0
425,0
425,0
425,0
425,0
425,0
425,0
425,0
425,0
425,1
425,0
425,0
425,1
425,1
425,0
425,0
425,0
425,0
425,2
425,1
425,0
425,0
425,0
425,0
425,0
425,0
425,0
425,0
425,0
425,0
425,0
425,0
425,1
425,1
425,0
425,0
425,0
425,0
425,0
425,0
425,1
425,0
425,0
425,0
425,0
425,0
425,0
425,0
425,0
425,0
425,0
425,0
425,0
425,0
425,0
425,0
425,0
425,0
425,0
425,0
425,1
425,0
425,0
425,0
425,0
425,0
425,0
425,0
425,0
425,0
425,0
425,0
425,1
425,0
425,0
425,0
425,0
425,0
425,0
425,0
425,0
425,0
425,1
425,0
425,0
425,0
425,0
425,0
425,1
425,0
425,0
425,0
425,0
425,0
425,1
425,1
425,0
425,0
425,0
425,0
425,1
425,0
425,0
425,0
425,0
425,0
425,0
425,1
425,0
425,0
425,0
425,0
425,0
425,0
425,0
425,0
425,0
425,0
425,0
425,0
425,0
425,0
425,0
425,0
425,0
425,0
425,0
425,0
425,0
425,0
425,0
425,0
425,0
425,0
425,1
425,0
425,0
425,0
425,0
425,0
425,1
425,0
425,1
425,0
425,1
425,0
425,0
425,0
425,0
425,0
425,0
425,0
425,0
425,0
425,0
425,0
425,0
425,0
425,0
425,0
425,0
425,0
425,0
425,0
425,0
425,0
425,0
425,0
425,0
425,1
425,0
425,1
425,0
425,0
425,0
425,0
425,0
425,1
425,0
425,0
425,0
425,0
425,1
425,0
425,0
425,0
425,1
425,0
425,0
425,1
425,0
425,0
425,0
425,0
425,0
425,0
425,0
425,0
425,0
425,0
425,1
425,0
425,0
425,0
425,0
425,0
425,0
425,0
425,0
425,0
425,0
425,0
425,0
425,0
425,0
425,0
425,0
425,0
425,0
425,0
425,0
425,0
425,0
425,0
425,0
425,0
425,0
425,1
425,1
425,0
425,1
425,0
425,0
425,0
425,0
425,0
425,1
425,1
425,0
425,0
425,0
425,1
425,0
425,0
425,0
425,0
425,0
425,0
425,0
425,0
425,0
425,0
425,0
425,0
425,1
425,0
425,1
425,0
425,0
425,0
425,0
425,1
425,0
425,0
425,0
425,0
425,0
425,0
425,0
425,0
425,0
425,0
425,0
425,2
425,1
425,0
425,0
425,0
425,0
425,2
425,0
425,0
425,0
425,0
425,0
425,0
425,0
425,0
425,0
425,0
425,0
425,0
425,0
425,0
425,0
425,0
425,0
425,0
425,0
425,0
425,0
425,0
425,0
425,0
425,0
425,0
425,0
425,0
425,0
425,0
425,0
425,0
425,0
425,0
425,0
425,0
425,0
425,0
425,0
425,0
425,0
425,1
425,0
425,0
425,0
425,0
425,0
425,0
425,0
425,0
425,0
425,0
425,0
425,0
425,0
425,0
425,0
425,0
425,0
425,0
425,0
425,0
425,0
425,0
425,0
425,1
425,1
425,0
425,0
425,0
425,1
425,1
425,0
425,0
425,0
425,0
425,0
425,0
425,1
425,0
425,0
425,0
425,0
425,0
425,0
425,0
425,0
425,0
425,0
425,0
425,0
425,0
425,0
425,0
425,0
425,0
425,0
425,0
425,0
425,0
425,0
425,0
425,0
425,0
425,1
425,0
425,1
425,0
425,0
425,0
425,0
425,0
425,1
425,0
425,0
425,1
425,0
425,1
425,0
425,0
425,0
425,0
425,0
425,0
425,0
425,0
425,0
425,0
425,0
425,0
425,0
425,0
425,1
425,0
425,0
425,0
425,0
425,1
425,0
425,0
425,0
425,0
425,0
425,0
425,0
425,1
425,0
425,0
425,0
425,0
425,0
425,0
425,0
425,1
425,0
425,0
425,0
425,0
425,0
425,0
425,0
425,0
425,0
425,0
425,1
425,0
425,1
425,0
425,1
425,0
425,0
425,0
425,0
425,2
425,0
425,1
425,0
425,0
425,0
425,0
425,0
425,0
425,0
425,1
425,0
425,0
425,0
425,0
425,0
425,0
425,0
425,0
425,0
425,1
425,0
425,0
425,2
425,0
425,0
425,0
425,0
425,0
425,0
425,0
425,0
425,0
425,0
425,0
425,0
425,1
425,0
425,0
425,0
425,0
425,1
425,0
425,1
425,0
425,0
425,0
425,0
425,0
425,0
425,0
425,0
425,0
425,0
425,0
425,0
425,0
425,0
425,1
425,0
425,0
425,0
425,0
425,0
425,0
425,0
425,0
425,0
425,0
425,0
425,0
425,0
425,0
425,0
425,0
425,0
425,0
425,0
425,0
425,0
425,0
425,0
425,1
425,0
425,0
425,1
425,0
425,0
425,0
425,0
425,0
425,0
425,0
425,0
425,0
425,1
425,0
425,0
425,0
425,0
425,0
425,0
425,0
425,0
425,0
425,0
425,1
425,0
425,1
425,0
425,0
425,0
425,0
425,0
425,0
425,0
425,0
425,0
425,0
425,0
425,1
425,0
425,0
425,0
425,1
425,0
425,0
425,0
425,2
425,0
425,1
425,0
425,0
425,0
425,0
425,0
425,0
425,0
425,1
425,0
425,0
425,1
425,0
425,0
425,0
425,0
425,0
425,1
425,0
425,0
425,0
425,0
425,0
425,0
425,0
425,0
425,0
425,0
425,0
425,0
425,0
425,0
425,0
425,0
425,0
425,0
425,0
425,0
425,0
425,0
425,0
425,0
425,0
425,0
425,0
425,0
425,0
425,0
425,0
425,0
425,0
425,0
425,0
425,0
425,1
425,0
425,0
425,0
425,0
425,1
425,0
425,1
425,0
425,0
425,0
425,0
425,0
425,2
425,0
425,0
425,0
425,0
425,0
425,0
425,0
425,0
425,0
425,1
425,0
425,1
425,0
425,0
425,0
425,0
425,2
425,0
425,1
425,0
425,0
425,0
425,0
425,1
425,0
425,0
425,0
425,0
425,0
425,0
425,0
425,0
425,0
425,0
425,0
425,0
425,1
425,1
425,0
425,0
425,0
425,0
425,0
425,0
425,1
425,0
425,1
425,0
425,0
425,0
425,1
425,0
425,0
425,0
425,0
425,0
425,0
425,0
425,0
425,0
425,0
425,0
425,0
425,0
425,0
425,0
425,0
425,0
425,1
425,0
425,0
425,1
425,0
425,0
425,0
425,0
425,0
425,0
425,0
425,0
425,0
425,0
425,1
425,0
425,1
425,0
425,0
425,1
425,0
425,0
425,1
425,0
425,0
425,0
425,0
425,0
425,0
425,0
425,0
425,0
425,0
425,0
425,0
425,0
425,0
425,0
425,0
425,0
425,0
425,0
425,0
425,0
425,1
425,0
425,0
425,0
425,0
425,0
425,0
425,0
425,0
425,0
425,0
425,0
425,0
425,0
425,0
425,0
425,1
425,0
425,1
425,0
425,0
425,0
425,0
425,0
425,0
425,0
425,0
425,0
425,0
425,0
425,0
425,0
425,1
425,0
425,0
425,0
425,0
425,0
425,0
425,0
425,0
425,0
425,1
425,0
425,1
425,0
425,1
425,0
425,0
425,0
425,0
425,0
425,0
425,0
425,0
425,0
425,0
425,0
425,1
425,0
425,0
425,0
425,0
425,0
425,0
425,0
425,0
425,0
425,0
425,1
425,0
425,0
425,0
425,0
425,1
425,0
425,0
425,0
425,1
425,0
425,0
425,0
425,0
425,0
425,0
425,0
425,0
425,0
425,0
425,0
425,0
425,0
425,0
425,0
425,0
425,0
475,0
475,0
475,0
475,0
475,0
475,0
475,0
475,0
475,0
475,0
475,0
475,0
475,0
475,0
475,0
475,1
475,0
475,0
475,0
475,0
475,0
475,0
475,0
475,0
475,0
475,1
475,0
475,0
475,0
475,0
475,0
475,0
475,0
475,0
475,0
475,0
475,0
475,0
475,0
475,0
475,0
475,0
475,0
475,0
475,0
475,1
475,0
475,0
475,0
475,0
475,0
475,0
475,0
475,0
475,0
475,0
475,0
475,0
475,0
475,0
475,0
475,0
475,0
475,0
475,1
475,1
475,0
475,0
475,0
475,0
475,0
475,0
475,0
475,0
475,0
475,0
475,1
475,0
475,0
475,0
475,0
475,0
475,0
475,0
475,1
475,0
475,0
475,0
475,0
475,0
475,0
475,0
475,0
475,0
475,0
475,1
475,0
475,0
475,0
475,0
475,0
475,1
475,0
475,0
475,0
475,0
475,0
475,0
475,0
475,0
475,0
475,0
475,0
475,0
475,0
475,0
475,0
475,0
475,0
475,0
475,0
475,0
475,0
475,0
475,0
475,0
475,0
475,0
475,0
475,0
475,0
475,0
475,0
475,0
475,0
475,0
475,0
475,0
475,1
475,0
475,0
475,0
475,0
475,0
475,0
475,0
475,0
475,0
475,0
475,0
475,0
475,0
475,0
475,0
475,0
475,0
475,0
475,0
475,1
475,0
475,0
475,0
475,0
475,0
475,0
475,0
475,0
475,0
475,0
475,0
475,0
475,0
475,0
475,0
475,0
475,0
475,0
475,0
475,0
475,0
475,0
475,0
475,1
475,0
475,0
475,0
475,0
475,0
475,0
475,0
475,0
475,0
475,0
475,0
475,0
475,0
475,0
475,0
475,0
475,0
475,0
475,0
475,0
475,1
475,0
475,0
475,0
475,0
475,0
475,0
475,0
475,0
475,0
475,0
475,0
475,0
475,0
475,0
475,0
475,0
475,0
475,0
475,0
475,0
475,0
475,0
475,0
475,0
475,0
475,0
475,0
475,0
475,0
475,0
475,0
475,0
475,0
475,0
475,0
475,0
475,0
475,0
475,0
475,0
475,0
475,0
475,0
475,0
475,0
475,0
475,0
475,0
475,0
475,0
475,0
475,0
475,0
475,0
475,0
475,0
475,0
475,0
475,0
475,0
475,0
475,0
475,0
475,0
475,0
475,0
475,0
475,0
475,0
475,0
475,0
475,0
475,0
475,0
475,0
475,0
475,0
475,0
475,0
475,0
475,0
475,0
475,0
475,0
475,0
475,0
475,0
475,0
475,0
475,0
475,0
475,0
475,0
475,0
475,0
475,0
475,0
475,0
475,0
475,0
475,0
475,1
475,0
475,0
475,0
475,0
475,0
475,0
475,0
475,0
475,0
475,0
475,0
475,0
475,0
475,0
475,0
475,0
475,0
475,0
475,0
475,0
475,0
475,0
475,0
475,0
475,0
475,0
475,0
475,1
475,0
475,1
475,0
475,0
475,0
475,0
475,0
475,0
475,0
475,0
475,0
475,0
475,0
475,0
475,0
475,0
475,0
475,0
475,0
475,0
475,0
475,0
475,1
475,0
475,0
475,0
475,0
475,0
475,0
475,0
475,0
475,0
475,0
475,0
475,0
475,0
475,0
475,0
475,0
475,0
475,0
475,0
475,0
475,0
475,0
475,0
475,0
475,0
475,0
475,0
475,0
475,0
475,0
475,0
475,0
475,0
475,0
475,0
475,0
475,0
475,0
475,0
475,0
475,0
475,0
475,0
475,0
475,0
475,0
475,0
475,0
475,0
475,0
475,0
475,0
475,0
475,0
475,0
475,0
475,0
475,0
475,0
475,0
475,0
475,0
475,0
475,0
475,0
475,0
475,0
475,0
475,0
475,0
475,0
475,0
475,0
475,0
475,0
475,0
475,0
475,0
475,0
475,0
475,0
475,0
475,0
475,0
475,0
475,0
475,0
475,0
475,0
475,0
475,0
475,0
475,0
475,0
475,0
475,0
475,0
475,0
475,0
475,0
475,1
475,0
475,1
475,0
475,0
475,0
475,0
475,0
475,0
475,0
475,0
475,0
475,0
475,0
475,1
475,0
475,0
475,0
475,0
475,0
475,0
475,0
475,0
475,0
475,0
475,0
475,0
475,0
475,0
475,0
475,0
475,0
475,0
475,0
475,0
475,0
475,0
475,0
475,0
475,0
475,0
475,0
475,0
475,0
475,0
475,0
475,0
475,0
475,0
475,0
475,0
475,0
475,0
475,0
475,0
475,0
475,0
475,0
475,0
475,0
475,0
475,0
475,0
475,0
475,0
475,0
475,0
475,0
475,0
475,0
475,0
475,0
475,0
475,0
475,1
475,0
475,0
475,0
475,0
475,0
475,0
475,1
475,0
475,0
475,0
475,0
475,0
475,0
475,0
475,0
475,0
475,0
475,0
475,0
475,0
475,0
475,0
475,0
475,0
475,0
475,0
475,0
475,0
475,0
475,0
475,0
475,0
475,0
475,0
475,0
475,0
475,1
475,0
475,0
475,0
475,0
475,0
475,0
475,0
475,0
475,0
475,0
475,0
475,0
475,0
475,0
475,0
475,0
475,0
475,0
475,0
475,0
475,0
475,0
475,0
475,0
475,0
475,0
475,0
475,0
475,0
475,0
475,0
475,0
475,0
475,0
475,0
475,0
475,0
475,1
475,0
475,0
475,0
475,0
475,0
475,0
475,0
475,0
475,0
475,0
475,0
475,0
475,0
475,0
475,0
475,0
475,0
475,0
475,0
475,0
475,0
475,0
475,0
475,0
475,0
475,0
475,0
475,0
475,0
475,0
475,0
475,0
475,0
475,1
475,0
475,0
475,0
475,0
475,0
475,0
475,0
475,0
475,0
475,0
475,0
475,0
475,0
475,0
475,0
475,0
475,0
475,0
475,0
475,0
475,0
475,0
475,0
475,0
475,0
475,0
475,0
475,0
475,0
475,0
475,0
475,0
475,0
475,0
475,0
475,0
475,0
475,0
475,0
475,0
475,0
475,0
475,0
475,0
475,0
475,0
475,0
475,0
475,0
475,0
475,0
475,0
475,0
475,0
475,0
475,0
475,0
475,0
475,0
475,0
475,0
475,0
475,0
475,0
475,0
475,0
475,0
475,0
475,0
475,0
475,0
475,0
475,0
475,0
475,0
475,0
475,0
475,0
475,0
475,0
475,0
475,0
475,0
475,0
475,0
475,0
475,0
475,0
475,1
475,0
475,0
475,1
475,0
475,0
475,0
475,0
475,0
475,0
475,0
475,0
475,0
475,0
475,0
475,0
475,0
475,0
475,0
475,0
475,0
475,0
475,0
475,0
475,0
475,0
475,0
475,0
475,0
475,0
475,0
475,0
475,0
475,0
475,0
475,0
475,0
475,0
475,0
475,0
475,0
475,0
475,0
475,0
475,0
475,0
475,0
475,0
475,0
475,0
475,1
475,0
475,0
475,0
475,0
475,0
475,1
475,0
475,0
475,0
475,0
475,0
475,0
475,0
475,0
475,0
475,0
475,0
475,0
475,0
475,0
475,0
475,0
475,0
475,0
475,0
475,0
475,1
475,0
475,0
475,0
475,0
475,0
475,0
475,0
475,0
475,0
475,0
475,0
475,0
475,0
475,1
475,0
475,0
475,0
475,0
475,0
475,0
475,0
475,0
475,0
475,0
475,0
475,0
475,0
475,0
475,0
475,0
475,0
475,0
475,0
475,0
475,0
475,0
475,0
475,0
475,0
475,0
475,0
475,0
475,0
475,0
475,0
475,0
475,0
475,0
475,0
475,0
475,0
475,0
475,0
475,0
475,0
475,0
475,0
475,0
475,0
475,0
475,0
475,0
475,0
475,0
475,0
475,0
475,0
475,0
475,0
475,0
475,0
475,0
475,0
475,0
475,0
475,1
475,0
475,0
475,0
475,1
475,0
475,0
475,0
475,0
475,0
475,0
475,0
475,0
475,1
475,0
475,0
475,0
475,0
475,0
475,0
475,0
475,0
475,1
475,1
475,0
475,0
475,0
475,0
475,0
475,0
475,0
475,0
475,0
475,0
475,0
475,0
475,0
475,0
475,0
475,0
475,0
475,0
475,0
475,0
475,0
475,0
475,0
475,0
475,0
475,0
475,0
475,0
475,0
475,0
475,0
475,0
475,0
475,0
475,0
475,0
475,0
475,0
475,0
475,0
475,0
475,0
475,0
475,0
475,0
475,0
475,0
475,0
475,0
475,0
475,0
475,0
475,0
475,0
475,0
475,0
475,0
475,0
475,0
475,1
475,0
475,0
475,0
475,0
475,0
475,1
475,0
475,0
475,0
475,0
475,0
475,0
475,0
475,0
475,0
475,0
475,0
475,0
475,0
475,0
475,0
475,0
475,0
475,0
475,0
475,0
475,0
475,0
475,0
475,0
475,0
475,0
475,0
475,0
